idx,filename,temperature [C],flecha [mm],global time
0,0_mm_30.60_grados_1_0,30.6,0,"2022,03,03,13:41:27"
0,0_mm_30.60_grados_2_0,30.6,0,"2022,03,03,13:41:40"
0,0_mm_149.90_grados_1_0,149.9,0,"2022,03,03,14:20:32"
0,0_mm_150.10_grados_2_0,150.1,0,"2022,03,03,14:20:45"
0,0_mm_30.40_grados_1_0,30.4,0,"2022,03,03,18:46:08"
0,0_mm_30.40_grados_2_0,30.4,0,"2022,03,03,18:46:20"
0,0_mm_180.10_grados_1_0,180.1,0,"2022,03,03,19:34:28"
0,0_mm_180.10_grados_2_0,180.1,0,"2022,03,03,19:34:41"
0,0_mm_30.50_grados_1_0,30.5,0,"2022,03,04,00:17:29"
0,0_mm_30.50_grados_2_0,30.5,0,"2022,03,04,00:17:42"
0,0_mm_200.40_grados_1_0,200.4,0,"2022,03,04,01:15:39"
0,0_mm_200.40_grados_2_0,200.4,0,"2022,03,04,01:15:52"
0,0_mm_0.00_grados_1_0,0.0,0,"2022,03,04,10:30:47"
0,0_mm_30.00_grados_2_0,30.0,0,"2022,03,04,10:31:01"
1,0_mm_0.00_grados_1_1,0.0,0,"2022,03,04,10:37:12"
1,0_mm_35.10_grados_2_1,35.1,0,"2022,03,04,10:37:26"
2,0_mm_39.80_grados_1_2,39.8,0,"2022,03,04,10:43:52"
2,0_mm_39.90_grados_2_2,39.9,0,"2022,03,04,10:44:06"
3,0_mm_0.00_grados_1_3,0.0,0,"2022,03,04,10:51:07"
3,0_mm_45.10_grados_2_3,45.1,0,"2022,03,04,10:51:21"
4,0_mm_50.00_grados_1_4,50.0,0,"2022,03,04,10:58:17"
4,0_mm_50.10_grados_2_4,50.1,0,"2022,03,04,10:58:31"
5,0_mm_55.20_grados_1_5,55.2,0,"2022,03,04,11:05:42"
5,0_mm_55.20_grados_2_5,55.2,0,"2022,03,04,11:05:56"
0,0_mm_0.00_grados_1_0,0.0,0,"2022,03,04,11:18:12"
0,0_mm_60.00_grados_2_0,60.0,0,"2022,03,04,11:18:26"
1,0_mm_0.00_grados_2_1,0.0,0,"2022,03,04,11:26:42"
1,0_mm_65.40_grados_1_1,65.4,0,"2022,03,04,11:26:56"
5,0_mm_85.10_grados_2_5,85.1,0,"2022,03,04,11:59:27"
5,0_mm_85.10_grados_1_5,85.1,0,"2022,03,04,11:59:41"
0,0_mm_0.00_grados_1_0,0.0,0,"2022,03,04,12:32:27"
0,0_mm_59.90_grados_2_0,59.9,0,"2022,03,04,12:32:41"
1,0_mm_65.20_grados_1_1,65.2,0,"2022,03,04,12:40:27"
1,0_mm_65.20_grados_2_1,65.2,0,"2022,03,04,12:40:41"
2,0_mm_0.00_grados_1_2,0.0,0,"2022,03,04,12:47:37"
2,0_mm_70.10_grados_2_2,70.1,0,"2022,03,04,12:47:51"
3,0_mm_0.00_grados_1_3,0.0,0,"2022,03,04,12:54:47"
3,0_mm_74.90_grados_2_3,74.9,0,"2022,03,04,12:55:01"
4,0_mm_0.00_grados_1_4,0.0,0,"2022,03,04,13:02:27"
4,0_mm_80.00_grados_2_4,80.0,0,"2022,03,04,13:02:41"
5,0_mm_0.00_grados_1_5,0.0,0,"2022,03,04,13:10:22"
5,0_mm_85.10_grados_2_5,85.1,0,"2022,03,04,13:10:36"
0,0_mm_0.00_grados_1_0,0.0,0,"2022,03,04,13:19:27"
0,0_mm_90.20_grados_2_0,90.2,0,"2022,03,04,13:19:41"
1,0_mm_95.10_grados_1_1,95.1,0,"2022,03,04,13:27:27"
1,0_mm_95.20_grados_2_1,95.2,0,"2022,03,04,13:27:41"
2,0_mm_100.10_grados_1_2,100.1,0,"2022,03,04,13:36:07"
2,0_mm_100.10_grados_2_2,100.1,0,"2022,03,04,13:36:21"
3,0_mm_105.00_grados_1_3,105.0,0,"2022,03,04,13:44:32"
3,0_mm_105.00_grados_2_3,105.0,0,"2022,03,04,13:44:46"
4,0_mm_0.00_grados_1_4,0.0,0,"2022,03,04,13:53:12"
4,0_mm_110.00_grados_2_4,110.0,0,"2022,03,04,13:53:26"
5,0_mm_114.90_grados_1_5,114.9,0,"2022,03,04,14:02:42"
5,0_mm_114.80_grados_2_5,114.8,0,"2022,03,04,14:02:56"
0,0_mm_119.80_grados_1_0,119.8,0,"2022,03,04,14:15:32"
0,0_mm_119.80_grados_2_0,119.8,0,"2022,03,04,14:15:46"
1,0_mm_124.50_grados_1_1,124.5,0,"2022,03,04,14:25:32"
1,0_mm_124.40_grados_2_1,124.4,0,"2022,03,04,14:25:46"
2,0_mm_0.00_grados_1_2,0.0,0,"2022,03,04,14:35:37"
2,0_mm_129.80_grados_2_2,129.8,0,"2022,03,04,14:35:51"
3,0_mm_0.00_grados_1_3,0.0,0,"2022,03,04,14:46:17"
3,0_mm_135.10_grados_2_3,135.1,0,"2022,03,04,14:46:31"
4,0_mm_139.90_grados_1_4,139.9,0,"2022,03,04,14:56:52"
4,0_mm_139.90_grados_2_4,139.9,0,"2022,03,04,14:57:06"
5,0_mm_144.50_grados_1_5,144.5,0,"2022,03,04,15:07:53"
5,0_mm_144.50_grados_2_5,144.5,0,"2022,03,04,15:08:07"
0,0_mm_0.00_grados_1_0,0.0,0,"2022,03,04,15:21:43"
0,0_mm_150.00_grados_2_0,150.0,0,"2022,03,04,15:21:57"
1,0_mm_0.00_grados_1_1,0.0,0,"2022,03,04,15:33:23"
1,0_mm_154.40_grados_2_1,154.4,0,"2022,03,04,15:33:37"
2,0_mm_0.00_grados_1_2,0.0,0,"2022,03,04,15:46:33"
2,0_mm_159.60_grados_2_2,159.6,0,"2022,03,04,15:46:47"
3,0_mm_164.50_grados_1_3,164.5,0,"2022,03,04,15:59:08"
3,0_mm_164.60_grados_2_3,164.6,0,"2022,03,04,15:59:22"
4,0_mm_0.00_grados_1_4,0.0,0,"2022,03,04,16:13:43"
4,0_mm_169.50_grados_2_4,169.5,0,"2022,03,04,16:13:57"
5,0_mm_0.00_grados_1_5,0.0,0,"2022,03,04,16:32:08"
5,0_mm_175.10_grados_2_5,175.1,0,"2022,03,04,16:32:22"
0,3.11172462406015_mm_0.00_grados_1_0,0.0,3.11172462406015,"2022,03,07,09:20:32"
0,3.11172462406015_mm_29.70_grados_2_0,29.7,3.11172462406015,"2022,03,07,09:20:46"
1,3.11172462406015_mm_35.00_grados_1_1,35.0,3.11172462406015,"2022,03,07,09:27:52"
1,3.11172462406015_mm_35.00_grados_2_1,35.0,3.11172462406015,"2022,03,07,09:28:06"
2,3.11172462406015_mm_0.00_grados_1_2,0.0,3.11172462406015,"2022,03,07,09:34:42"
2,3.11172462406015_mm_40.20_grados_2_2,40.2,3.11172462406015,"2022,03,07,09:34:56"
3,3.11172462406015_mm_0.00_grados_1_3,0.0,3.11172462406015,"2022,03,07,09:42:02"
3,3.11172462406015_mm_45.20_grados_2_3,45.2,3.11172462406015,"2022,03,07,09:42:16"
4,3.11172462406015_mm_50.20_grados_1_4,50.2,3.11172462406015,"2022,03,07,09:49:47"
4,3.11172462406015_mm_50.20_grados_2_4,50.2,3.11172462406015,"2022,03,07,09:50:01"
5,3.11172462406015_mm_0.00_grados_1_5,0.0,3.11172462406015,"2022,03,07,09:57:27"
5,3.11172462406015_mm_55.10_grados_2_5,55.1,3.11172462406015,"2022,03,07,09:57:41"
0,3.11172462406015_mm_60.00_grados_1_0,60.0,3.11172462406015,"2022,03,07,10:08:12"
0,3.11172462406015_mm_60.00_grados_2_0,60.0,3.11172462406015,"2022,03,07,10:08:26"
1,3.11172462406015_mm_0.00_grados_1_1,0.0,3.11172462406015,"2022,03,07,10:16:22"
1,3.11172462406015_mm_65.10_grados_2_1,65.1,3.11172462406015,"2022,03,07,10:16:36"
2,3.11172462406015_mm_0.00_grados_1_2,0.0,3.11172462406015,"2022,03,07,10:24:32"
2,3.11172462406015_mm_70.10_grados_2_2,70.1,3.11172462406015,"2022,03,07,10:24:46"
3,3.11172462406015_mm_0.00_grados_1_3,0.0,3.11172462406015,"2022,03,07,10:33:07"
3,3.11172462406015_mm_75.30_grados_2_3,75.3,3.11172462406015,"2022,03,07,10:33:21"
4,3.11172462406015_mm_0.00_grados_1_4,0.0,3.11172462406015,"2022,03,07,10:41:27"
4,3.11172462406015_mm_80.00_grados_2_4,80.0,3.11172462406015,"2022,03,07,10:41:41"
5,3.11172462406015_mm_0.00_grados_1_5,0.0,3.11172462406015,"2022,03,07,10:50:07"
5,3.11172462406015_mm_85.00_grados_2_5,85.0,3.11172462406015,"2022,03,07,10:50:21"
0,3.11172462406015_mm_89.60_grados_1_0,89.6,3.11172462406015,"2022,03,07,11:18:07"
0,3.11172462406015_mm_89.60_grados_1_0,89.6,3.11172462406015,"2022,03,07,11:18:21"
0,3.11172462406015_mm_89.50_grados_2_0,89.5,3.11172462406015,"2022,03,07,11:18:35"
0,3.11172462406015_mm_89.50_grados_2_0,89.5,3.11172462406015,"2022,03,07,11:18:49"
0,3.11172462406015_mm_89.50_grados_2_0,89.5,3.11172462406015,"2022,03,07,11:19:03"
0,3.11172462406015_mm_89.60_grados_1_0,89.6,3.11172462406015,"2022,03,07,11:19:17"
0,3.11172462406015_mm_89.50_grados_1_0,89.5,3.11172462406015,"2022,03,07,11:19:31"
0,3.11172462406015_mm_89.50_grados_1_0,89.5,3.11172462406015,"2022,03,07,11:19:45"
0,3.11172462406015_mm_89.50_grados_2_0,89.5,3.11172462406015,"2022,03,07,11:19:59"
0,3.11172462406015_mm_89.50_grados_2_0,89.5,3.11172462406015,"2022,03,07,11:20:13"
0,3.11172462406015_mm_89.50_grados_2_0,89.5,3.11172462406015,"2022,03,07,11:20:27"
0,3.11172462406015_mm_89.60_grados_1_0,89.6,3.11172462406015,"2022,03,07,11:20:41"
0,3.11172462406015_mm_89.60_grados_1_0,89.6,3.11172462406015,"2022,03,07,11:20:55"
0,3.11172462406015_mm_89.60_grados_1_0,89.6,3.11172462406015,"2022,03,07,11:21:09"
0,3.11172462406015_mm_89.60_grados_2_0,89.6,3.11172462406015,"2022,03,07,11:21:23"
0,3.11172462406015_mm_89.60_grados_2_0,89.6,3.11172462406015,"2022,03,07,11:21:38"
0,3.11172462406015_mm_89.60_grados_2_0,89.6,3.11172462406015,"2022,03,07,11:21:52"
0,3.11172462406015_mm_89.70_grados_1_0,89.7,3.11172462406015,"2022,03,07,11:22:06"
0,3.11172462406015_mm_89.70_grados_1_0,89.7,3.11172462406015,"2022,03,07,11:22:20"
0,3.11172462406015_mm_89.70_grados_1_0,89.7,3.11172462406015,"2022,03,07,11:22:34"
0,3.11172462406015_mm_89.80_grados_2_0,89.8,3.11172462406015,"2022,03,07,11:22:48"
0,3.11172462406015_mm_89.90_grados_2_0,89.9,3.11172462406015,"2022,03,07,11:23:02"
0,3.11172462406015_mm_89.90_grados_2_0,89.9,3.11172462406015,"2022,03,07,11:23:16"
0,3.11172462406015_mm_90.10_grados_1_0,90.1,3.11172462406015,"2022,03,07,11:23:30"
0,3.11172462406015_mm_90.10_grados_1_0,90.1,3.11172462406015,"2022,03,07,11:23:44"
0,3.11172462406015_mm_90.00_grados_1_0,90.0,3.11172462406015,"2022,03,07,11:23:58"
0,3.11172462406015_mm_90.10_grados_2_0,90.1,3.11172462406015,"2022,03,07,11:24:12"
0,3.11172462406015_mm_90.10_grados_2_0,90.1,3.11172462406015,"2022,03,07,11:24:26"
0,3.11172462406015_mm_90.20_grados_2_0,90.2,3.11172462406015,"2022,03,07,11:24:40"
0,3.11172462406015_mm_90.30_grados_1_0,90.3,3.11172462406015,"2022,03,07,11:24:54"
0,3.11172462406015_mm_90.30_grados_1_0,90.3,3.11172462406015,"2022,03,07,11:25:08"
0,3.11172462406015_mm_90.40_grados_1_0,90.4,3.11172462406015,"2022,03,07,11:25:22"
0,3.11172462406015_mm_90.40_grados_2_0,90.4,3.11172462406015,"2022,03,07,11:25:36"
0,3.11172462406015_mm_90.50_grados_2_0,90.5,3.11172462406015,"2022,03,07,11:25:50"
0,3.11172462406015_mm_90.50_grados_2_0,90.5,3.11172462406015,"2022,03,07,11:26:04"
0,3.11172462406015_mm_90.60_grados_1_0,90.6,3.11172462406015,"2022,03,07,11:26:18"
0,3.11172462406015_mm_90.60_grados_1_0,90.6,3.11172462406015,"2022,03,07,11:26:32"
0,3.11172462406015_mm_90.70_grados_1_0,90.7,3.11172462406015,"2022,03,07,11:26:46"
0,3.11172462406015_mm_90.90_grados_2_0,90.9,3.11172462406015,"2022,03,07,11:27:00"
0,3.11172462406015_mm_91.00_grados_2_0,91.0,3.11172462406015,"2022,03,07,11:27:14"
0,3.11172462406015_mm_91.10_grados_2_0,91.1,3.11172462406015,"2022,03,07,11:27:28"
0,3.11172462406015_mm_91.10_grados_1_0,91.1,3.11172462406015,"2022,03,07,11:27:42"
0,3.11172462406015_mm_91.10_grados_1_0,91.1,3.11172462406015,"2022,03,07,11:27:56"
0,3.11172462406015_mm_91.20_grados_1_0,91.2,3.11172462406015,"2022,03,07,11:28:10"
0,3.11172462406015_mm_91.20_grados_2_0,91.2,3.11172462406015,"2022,03,07,11:28:24"
0,3.11172462406015_mm_91.30_grados_2_0,91.3,3.11172462406015,"2022,03,07,11:28:38"
0,3.11172462406015_mm_91.40_grados_2_0,91.4,3.11172462406015,"2022,03,07,11:28:52"
0,3.11172462406015_mm_91.40_grados_no_measure_0,91.4,3.11172462406015,"2022,03,07,11:29:06"
0,3.11172462406015_mm_91.50_grados_no_measure_0,91.5,3.11172462406015,"2022,03,07,11:29:20"
0,3.11172462406015_mm_91.70_grados_no_measure_0,91.7,3.11172462406015,"2022,03,07,11:29:34"
1,3.11172462406015_mm_96.60_grados_1_1,96.6,3.11172462406015,"2022,03,07,11:31:02"
1,3.11172462406015_mm_96.70_grados_1_1,96.7,3.11172462406015,"2022,03,07,11:31:16"
1,3.11172462406015_mm_96.70_grados_2_1,96.7,3.11172462406015,"2022,03,07,11:31:30"
1,3.11172462406015_mm_96.80_grados_2_1,96.8,3.11172462406015,"2022,03,07,11:31:44"
1,3.11172462406015_mm_96.80_grados_2_1,96.8,3.11172462406015,"2022,03,07,11:31:58"
1,3.11172462406015_mm_96.90_grados_no_measure_1,96.9,3.11172462406015,"2022,03,07,11:32:12"
1,3.11172462406015_mm_97.00_grados_no_measure_1,97.0,3.11172462406015,"2022,03,07,11:32:26"
1,3.11172462406015_mm_97.10_grados_no_measure_1,97.1,3.11172462406015,"2022,03,07,11:32:40"
2,3.11172462406015_mm_99.90_grados_1_2,99.9,3.11172462406015,"2022,03,07,11:36:27"
2,3.11172462406015_mm_99.90_grados_1_2,99.9,3.11172462406015,"2022,03,07,11:36:41"
2,3.11172462406015_mm_99.90_grados_2_2,99.9,3.11172462406015,"2022,03,07,11:36:55"
2,3.11172462406015_mm_99.90_grados_2_2,99.9,3.11172462406015,"2022,03,07,11:37:09"
2,3.11172462406015_mm_99.90_grados_2_2,99.9,3.11172462406015,"2022,03,07,11:37:23"
2,3.11172462406015_mm_100.00_grados_1_2,100.0,3.11172462406015,"2022,03,07,11:37:37"
2,3.11172462406015_mm_100.00_grados_1_2,100.0,3.11172462406015,"2022,03,07,11:37:51"
2,3.11172462406015_mm_100.10_grados_1_2,100.1,3.11172462406015,"2022,03,07,11:38:05"
2,3.11172462406015_mm_100.10_grados_2_2,100.1,3.11172462406015,"2022,03,07,11:38:19"
2,3.11172462406015_mm_100.10_grados_2_2,100.1,3.11172462406015,"2022,03,07,11:38:33"
2,3.11172462406015_mm_100.10_grados_2_2,100.1,3.11172462406015,"2022,03,07,11:38:47"
2,3.11172462406015_mm_100.10_grados_1_2,100.1,3.11172462406015,"2022,03,07,11:39:01"
2,3.11172462406015_mm_100.10_grados_1_2,100.1,3.11172462406015,"2022,03,07,11:39:16"
2,3.11172462406015_mm_100.20_grados_1_2,100.2,3.11172462406015,"2022,03,07,11:39:30"
2,3.11172462406015_mm_100.20_grados_2_2,100.2,3.11172462406015,"2022,03,07,11:39:44"
2,3.11172462406015_mm_100.30_grados_2_2,100.3,3.11172462406015,"2022,03,07,11:39:58"
2,3.11172462406015_mm_100.30_grados_2_2,100.3,3.11172462406015,"2022,03,07,11:40:12"
2,3.11172462406015_mm_100.40_grados_1_2,100.4,3.11172462406015,"2022,03,07,11:40:26"
2,3.11172462406015_mm_100.50_grados_1_2,100.5,3.11172462406015,"2022,03,07,11:40:40"
2,3.11172462406015_mm_100.50_grados_1_2,100.5,3.11172462406015,"2022,03,07,11:40:54"
2,3.11172462406015_mm_100.60_grados_2_2,100.6,3.11172462406015,"2022,03,07,11:41:08"
2,3.11172462406015_mm_100.60_grados_2_2,100.6,3.11172462406015,"2022,03,07,11:41:22"
2,3.11172462406015_mm_100.70_grados_2_2,100.7,3.11172462406015,"2022,03,07,11:41:36"
2,3.11172462406015_mm_100.70_grados_1_2,100.7,3.11172462406015,"2022,03,07,11:41:50"
2,3.11172462406015_mm_100.70_grados_1_2,100.7,3.11172462406015,"2022,03,07,11:42:04"
2,3.11172462406015_mm_100.80_grados_1_2,100.8,3.11172462406015,"2022,03,07,11:42:18"
2,3.11172462406015_mm_100.80_grados_2_2,100.8,3.11172462406015,"2022,03,07,11:42:32"
2,3.11172462406015_mm_100.80_grados_2_2,100.8,3.11172462406015,"2022,03,07,11:42:46"
2,3.11172462406015_mm_100.80_grados_2_2,100.8,3.11172462406015,"2022,03,07,11:43:00"
2,3.11172462406015_mm_100.90_grados_no_measure_2,100.9,3.11172462406015,"2022,03,07,11:43:14"
2,3.11172462406015_mm_100.90_grados_no_measure_2,100.9,3.11172462406015,"2022,03,07,11:43:28"
2,3.11172462406015_mm_101.00_grados_no_measure_2,101.0,3.11172462406015,"2022,03,07,11:43:42"
3,3.11172462406015_mm_104.90_grados_1_3,104.9,3.11172462406015,"2022,03,07,11:45:07"
3,3.11172462406015_mm_104.90_grados_1_3,104.9,3.11172462406015,"2022,03,07,11:45:21"
3,3.11172462406015_mm_104.90_grados_2_3,104.9,3.11172462406015,"2022,03,07,11:45:35"
3,3.11172462406015_mm_104.90_grados_2_3,104.9,3.11172462406015,"2022,03,07,11:45:49"
3,3.11172462406015_mm_105.00_grados_2_3,105.0,3.11172462406015,"2022,03,07,11:46:03"
3,3.11172462406015_mm_104.90_grados_1_3,104.9,3.11172462406015,"2022,03,07,11:46:17"
3,3.11172462406015_mm_104.90_grados_1_3,104.9,3.11172462406015,"2022,03,07,11:46:31"
3,3.11172462406015_mm_104.90_grados_1_3,104.9,3.11172462406015,"2022,03,07,11:46:45"
3,3.11172462406015_mm_105.00_grados_2_3,105.0,3.11172462406015,"2022,03,07,11:46:59"
3,3.11172462406015_mm_105.10_grados_2_3,105.1,3.11172462406015,"2022,03,07,11:47:13"
3,3.11172462406015_mm_105.10_grados_2_3,105.1,3.11172462406015,"2022,03,07,11:47:27"
3,3.11172462406015_mm_105.20_grados_1_3,105.2,3.11172462406015,"2022,03,07,11:47:41"
3,3.11172462406015_mm_105.30_grados_1_3,105.3,3.11172462406015,"2022,03,07,11:47:55"
3,3.11172462406015_mm_105.30_grados_1_3,105.3,3.11172462406015,"2022,03,07,11:48:09"
3,3.11172462406015_mm_105.30_grados_2_3,105.3,3.11172462406015,"2022,03,07,11:48:23"
3,3.11172462406015_mm_105.40_grados_2_3,105.4,3.11172462406015,"2022,03,07,11:48:37"
3,3.11172462406015_mm_105.40_grados_2_3,105.4,3.11172462406015,"2022,03,07,11:48:52"
3,3.11172462406015_mm_105.40_grados_1_3,105.4,3.11172462406015,"2022,03,07,11:49:06"
3,3.11172462406015_mm_105.40_grados_1_3,105.4,3.11172462406015,"2022,03,07,11:49:20"
3,3.11172462406015_mm_105.40_grados_1_3,105.4,3.11172462406015,"2022,03,07,11:49:34"
3,3.11172462406015_mm_105.30_grados_2_3,105.3,3.11172462406015,"2022,03,07,11:49:48"
3,3.11172462406015_mm_105.30_grados_2_3,105.3,3.11172462406015,"2022,03,07,11:50:02"
3,3.11172462406015_mm_105.30_grados_2_3,105.3,3.11172462406015,"2022,03,07,11:50:16"
3,3.11172462406015_mm_105.30_grados_1_3,105.3,3.11172462406015,"2022,03,07,11:50:30"
3,3.11172462406015_mm_105.40_grados_1_3,105.4,3.11172462406015,"2022,03,07,11:50:44"
3,3.11172462406015_mm_105.40_grados_1_3,105.4,3.11172462406015,"2022,03,07,11:50:58"
3,3.11172462406015_mm_105.50_grados_2_3,105.5,3.11172462406015,"2022,03,07,11:51:12"
3,3.11172462406015_mm_105.60_grados_2_3,105.6,3.11172462406015,"2022,03,07,11:51:26"
3,3.11172462406015_mm_105.70_grados_2_3,105.7,3.11172462406015,"2022,03,07,11:51:40"
3,3.11172462406015_mm_105.90_grados_1_3,105.9,3.11172462406015,"2022,03,07,11:51:54"
3,3.11172462406015_mm_105.90_grados_1_3,105.9,3.11172462406015,"2022,03,07,11:52:08"
3,3.11172462406015_mm_106.00_grados_1_3,106.0,3.11172462406015,"2022,03,07,11:52:22"
3,3.11172462406015_mm_106.00_grados_2_3,106.0,3.11172462406015,"2022,03,07,11:52:36"
3,3.11172462406015_mm_106.10_grados_2_3,106.1,3.11172462406015,"2022,03,07,11:52:50"
3,3.11172462406015_mm_106.20_grados_2_3,106.2,3.11172462406015,"2022,03,07,11:53:04"
3,3.11172462406015_mm_106.30_grados_no_measure_3,106.3,3.11172462406015,"2022,03,07,11:53:18"
3,3.11172462406015_mm_106.30_grados_no_measure_3,106.3,3.11172462406015,"2022,03,07,11:53:32"
3,3.11172462406015_mm_106.40_grados_no_measure_3,106.4,3.11172462406015,"2022,03,07,11:53:46"
4,3.11172462406015_mm_109.70_grados_1_4,109.7,3.11172462406015,"2022,03,07,11:55:12"
4,3.11172462406015_mm_109.70_grados_1_4,109.7,3.11172462406015,"2022,03,07,11:55:26"
4,3.11172462406015_mm_109.80_grados_2_4,109.8,3.11172462406015,"2022,03,07,11:55:40"
4,3.11172462406015_mm_109.80_grados_2_4,109.8,3.11172462406015,"2022,03,07,11:55:54"
4,3.11172462406015_mm_109.90_grados_2_4,109.9,3.11172462406015,"2022,03,07,11:56:08"
4,3.11172462406015_mm_110.10_grados_1_4,110.1,3.11172462406015,"2022,03,07,11:56:22"
4,3.11172462406015_mm_110.10_grados_1_4,110.1,3.11172462406015,"2022,03,07,11:56:36"
4,3.11172462406015_mm_110.10_grados_1_4,110.1,3.11172462406015,"2022,03,07,11:56:50"
4,3.11172462406015_mm_110.20_grados_2_4,110.2,3.11172462406015,"2022,03,07,11:57:04"
4,3.11172462406015_mm_110.20_grados_2_4,110.2,3.11172462406015,"2022,03,07,11:57:18"
4,3.11172462406015_mm_110.30_grados_2_4,110.3,3.11172462406015,"2022,03,07,11:57:32"
4,3.11172462406015_mm_110.30_grados_1_4,110.3,3.11172462406015,"2022,03,07,11:57:46"
4,3.11172462406015_mm_110.50_grados_1_4,110.5,3.11172462406015,"2022,03,07,11:58:00"
4,3.11172462406015_mm_110.50_grados_1_4,110.5,3.11172462406015,"2022,03,07,11:58:15"
4,3.11172462406015_mm_110.60_grados_2_4,110.6,3.11172462406015,"2022,03,07,11:58:29"
4,3.11172462406015_mm_110.60_grados_2_4,110.6,3.11172462406015,"2022,03,07,11:58:43"
4,3.11172462406015_mm_110.70_grados_2_4,110.7,3.11172462406015,"2022,03,07,11:58:57"
4,3.11172462406015_mm_110.80_grados_1_4,110.8,3.11172462406015,"2022,03,07,11:59:11"
4,3.11172462406015_mm_110.80_grados_1_4,110.8,3.11172462406015,"2022,03,07,11:59:25"
4,3.11172462406015_mm_111.00_grados_1_4,111.0,3.11172462406015,"2022,03,07,11:59:39"
4,3.11172462406015_mm_111.00_grados_2_4,111.0,3.11172462406015,"2022,03,07,11:59:53"
4,3.11172462406015_mm_111.00_grados_2_4,111.0,3.11172462406015,"2022,03,07,12:00:07"
4,3.11172462406015_mm_111.20_grados_2_4,111.2,3.11172462406015,"2022,03,07,12:00:21"
4,3.11172462406015_mm_111.20_grados_no_measure_4,111.2,3.11172462406015,"2022,03,07,12:00:35"
4,3.11172462406015_mm_111.30_grados_no_measure_4,111.3,3.11172462406015,"2022,03,07,12:00:49"
4,3.11172462406015_mm_111.40_grados_no_measure_4,111.4,3.11172462406015,"2022,03,07,12:01:03"
5,3.11172462406015_mm_115.10_grados_1_5,115.1,3.11172462406015,"2022,03,07,12:03:27"
5,3.11172462406015_mm_115.10_grados_1_5,115.1,3.11172462406015,"2022,03,07,12:03:41"
5,3.11172462406015_mm_115.10_grados_2_5,115.1,3.11172462406015,"2022,03,07,12:03:55"
5,3.11172462406015_mm_115.10_grados_2_5,115.1,3.11172462406015,"2022,03,07,12:04:09"
5,3.11172462406015_mm_115.10_grados_2_5,115.1,3.11172462406015,"2022,03,07,12:04:23"
5,3.11172462406015_mm_115.10_grados_1_5,115.1,3.11172462406015,"2022,03,07,12:04:37"
5,3.11172462406015_mm_115.10_grados_1_5,115.1,3.11172462406015,"2022,03,07,12:04:51"
5,3.11172462406015_mm_115.10_grados_1_5,115.1,3.11172462406015,"2022,03,07,12:05:05"
99,3.11172462406015_mm_117.30_grados_prueba_99,117.3,3.11172462406015,"2022,03,07,12:07:13"
99,3.11172462406015_mm_117.20_grados_prueba_99,117.2,3.11172462406015,"2022,03,07,12:07:27"
99,3.11172462406015_mm_114.20_grados_prueba_99,114.2,3.11172462406015,"2022,03,07,12:08:39"
99,3.11172462406015_mm_114.30_grados_prueba_99,114.3,3.11172462406015,"2022,03,07,12:08:53"
99,3.11172462406015_mm_116.30_grados_prueba_99,116.3,3.11172462406015,"2022,03,07,12:10:48"
99,3.11172462406015_mm_116.30_grados_prueba_99,116.3,3.11172462406015,"2022,03,07,12:11:02"
99,3.11172462406015_mm_116.50_grados_prueba_99,116.5,3.11172462406015,"2022,03,07,12:11:16"
99,3.11172462406015_mm_117.30_grados_prueba_99,117.3,3.11172462406015,"2022,03,07,12:12:39"
99,3.11172462406015_mm_117.40_grados_prueba_99,117.4,3.11172462406015,"2022,03,07,12:12:53"
0,3.11172462406015_mm_119.90_grados_1_0,119.9,3.11172462406015,"2022,03,07,12:16:37"
0,3.11172462406015_mm_119.90_grados_2_0,119.9,3.11172462406015,"2022,03,07,12:16:51"
1,3.11172462406015_mm_124.70_grados_1_1,124.7,3.11172462406015,"2022,03,07,12:27:22"
1,3.11172462406015_mm_124.70_grados_2_1,124.7,3.11172462406015,"2022,03,07,12:27:36"
2,3.11172462406015_mm_129.70_grados_1_2,129.7,3.11172462406015,"2022,03,07,12:36:52"
2,3.11172462406015_mm_129.80_grados_2_2,129.8,3.11172462406015,"2022,03,07,12:37:06"
3,3.11172462406015_mm_134.60_grados_1_3,134.6,3.11172462406015,"2022,03,07,12:47:37"
3,3.11172462406015_mm_134.70_grados_2_3,134.7,3.11172462406015,"2022,03,07,12:47:51"
4,3.11172462406015_mm_139.80_grados_1_4,139.8,3.11172462406015,"2022,03,07,12:59:32"
4,3.11172462406015_mm_139.90_grados_2_4,139.9,3.11172462406015,"2022,03,07,12:59:46"
5,3.11172462406015_mm_145.10_grados_1_5,145.1,3.11172462406015,"2022,03,07,13:11:27"
5,3.11172462406015_mm_145.10_grados_2_5,145.1,3.11172462406015,"2022,03,07,13:11:41"
99,3.11172462406015_mm_147.00_grados_prueba_99,147.0,3.11172462406015,"2022,03,07,13:14:02"
99,3.11172462406015_mm_147.10_grados_prueba_99,147.1,3.11172462406015,"2022,03,07,13:14:16"
0,3.11172462406015_mm_149.80_grados_1_0,149.8,3.11172462406015,"2022,03,07,13:25:22"
0,3.11172462406015_mm_149.70_grados_2_0,149.7,3.11172462406015,"2022,03,07,13:25:36"
1,3.11172462406015_mm_154.70_grados_1_1,154.7,3.11172462406015,"2022,03,07,13:37:52"
1,3.11172462406015_mm_154.70_grados_2_1,154.7,3.11172462406015,"2022,03,07,13:38:06"
2,3.11172462406015_mm_159.50_grados_1_2,159.5,3.11172462406015,"2022,03,07,13:50:33"
2,3.11172462406015_mm_159.50_grados_2_2,159.5,3.11172462406015,"2022,03,07,13:50:47"
3,3.11172462406015_mm_164.70_grados_1_3,164.7,3.11172462406015,"2022,03,07,14:04:43"
3,3.11172462406015_mm_164.70_grados_2_3,164.7,3.11172462406015,"2022,03,07,14:04:57"
4,3.11172462406015_mm_169.50_grados_1_4,169.5,3.11172462406015,"2022,03,07,14:18:43"
4,3.11172462406015_mm_169.50_grados_2_4,169.5,3.11172462406015,"2022,03,07,14:18:57"
5,3.11172462406015_mm_174.80_grados_1_5,174.8,3.11172462406015,"2022,03,07,14:36:13"
5,3.11172462406015_mm_174.80_grados_2_5,174.8,3.11172462406015,"2022,03,07,14:36:27"
99,3.11172462406015_mm_172.30_grados_prueba_99,172.3,3.11172462406015,"2022,03,07,14:40:43"
0,3.11172462406015_mm_179.70_grados_1_0,179.7,3.11172462406015,"2022,03,07,14:52:28"
0,3.11172462406015_mm_179.70_grados_2_0,179.7,3.11172462406015,"2022,03,07,14:52:42"
1,3.11172462406015_mm_184.60_grados_1_1,184.6,3.11172462406015,"2022,03,07,15:09:38"
1,3.11172462406015_mm_184.60_grados_2_1,184.6,3.11172462406015,"2022,03,07,15:09:52"
2,3.11172462406015_mm_189.60_grados_1_2,189.6,3.11172462406015,"2022,03,07,15:24:58"
2,3.11172462406015_mm_189.60_grados_2_2,189.6,3.11172462406015,"2022,03,07,15:25:12"
3,3.11172462406015_mm_194.60_grados_1_3,194.6,3.11172462406015,"2022,03,07,15:43:08"
3,3.11172462406015_mm_194.70_grados_2_3,194.7,3.11172462406015,"2022,03,07,15:43:22"
4,3.11172462406015_mm_199.70_grados_1_4,199.7,3.11172462406015,"2022,03,07,16:02:23"
4,3.11172462406015_mm_199.80_grados_2_4,199.8,3.11172462406015,"2022,03,07,16:02:37"
4,3.11172462406015_mm_199.70_grados_2_4,199.7,3.11172462406015,"2022,03,07,16:02:51"
99,6.2234492481203_mm_20.10_grados_prueba_99,20.1,6.2234492481203,"2022,03,08,09:26:39"
99,6.2234492481203_mm_20.50_grados_prueba_99,20.5,6.2234492481203,"2022,03,08,09:26:53"
0,6.2234492481203_mm_30.10_grados_1_0,30.1,6.2234492481203,"2022,03,08,09:31:25"
0,6.2234492481203_mm_30.10_grados_2_0,30.1,6.2234492481203,"2022,03,08,09:31:39"
1,6.2234492481203_mm_34.90_grados_1_1,34.9,6.2234492481203,"2022,03,08,09:38:00"
1,6.2234492481203_mm_35.00_grados_2_1,35.0,6.2234492481203,"2022,03,08,09:38:14"
2,6.2234492481203_mm_40.00_grados_1_2,40.0,6.2234492481203,"2022,03,08,09:44:50"
2,6.2234492481203_mm_40.00_grados_2_2,40.0,6.2234492481203,"2022,03,08,09:45:04"
3,6.2234492481203_mm_45.00_grados_1_3,45.0,6.2234492481203,"2022,03,08,09:51:45"
3,6.2234492481203_mm_45.00_grados_1_3,45.0,6.2234492481203,"2022,03,08,09:51:59"
3,6.2234492481203_mm_45.10_grados_1_3,45.1,6.2234492481203,"2022,03,08,09:52:13"
3,6.2234492481203_mm_45.10_grados_2_3,45.1,6.2234492481203,"2022,03,08,09:52:27"
4,6.2234492481203_mm_50.00_grados_1_4,50.0,6.2234492481203,"2022,03,08,09:59:00"
4,6.2234492481203_mm_50.10_grados_1_4,50.1,6.2234492481203,"2022,03,08,09:59:14"
4,6.2234492481203_mm_50.20_grados_1_4,50.2,6.2234492481203,"2022,03,08,09:59:28"
4,6.2234492481203_mm_50.20_grados_2_4,50.2,6.2234492481203,"2022,03,08,09:59:42"
5,6.2234492481203_mm_55.10_grados_1_5,55.1,6.2234492481203,"2022,03,08,10:06:40"
5,6.2234492481203_mm_55.20_grados_2_5,55.2,6.2234492481203,"2022,03,08,10:06:54"
99,6.2234492481203_mm_55.50_grados_prueba_99,55.5,6.2234492481203,"2022,03,08,10:09:18"
99,6.2234492481203_mm_55.50_grados_prueba_99,55.5,6.2234492481203,"2022,03,08,10:09:32"
99,6.2234492481203_mm_55.30_grados_prueba_99,55.3,6.2234492481203,"2022,03,08,10:09:46"
0,6.2234492481203_mm_60.00_grados_1_0,60.0,6.2234492481203,"2022,03,08,10:16:45"
0,6.2234492481203_mm_60.10_grados_2_0,60.1,6.2234492481203,"2022,03,08,10:16:59"
1,6.2234492481203_mm_65.20_grados_1_1,65.2,6.2234492481203,"2022,03,08,10:24:35"
1,6.2234492481203_mm_65.20_grados_2_1,65.2,6.2234492481203,"2022,03,08,10:24:49"
2,6.2234492481203_mm_70.10_grados_1_2,70.1,6.2234492481203,"2022,03,08,10:32:40"
2,6.2234492481203_mm_70.20_grados_2_2,70.2,6.2234492481203,"2022,03,08,10:32:54"
3,6.2234492481203_mm_75.00_grados_1_3,75.0,6.2234492481203,"2022,03,08,10:40:35"
3,6.2234492481203_mm_75.00_grados_2_3,75.0,6.2234492481203,"2022,03,08,10:40:49"
4,6.2234492481203_mm_80.00_grados_1_4,80.0,6.2234492481203,"2022,03,08,10:49:15"
4,6.2234492481203_mm_80.20_grados_2_4,80.2,6.2234492481203,"2022,03,08,10:49:29"
5,6.2234492481203_mm_84.90_grados_1_5,84.9,6.2234492481203,"2022,03,08,10:57:50"
5,6.2234492481203_mm_84.90_grados_2_5,84.9,6.2234492481203,"2022,03,08,10:58:04"
99,6.2234492481203_mm_86.00_grados_prueba_99,86.0,6.2234492481203,"2022,03,08,11:01:06"
0,6.2234492481203_mm_90.00_grados_1_0,90.0,6.2234492481203,"2022,03,08,11:08:45"
0,6.2234492481203_mm_90.10_grados_2_0,90.1,6.2234492481203,"2022,03,08,11:08:59"
1,6.2234492481203_mm_94.80_grados_1_1,94.8,6.2234492481203,"2022,03,08,11:17:05"
1,6.2234492481203_mm_95.00_grados_2_1,95.0,6.2234492481203,"2022,03,08,11:17:19"
2,6.2234492481203_mm_99.80_grados_1_2,99.8,6.2234492481203,"2022,03,08,11:26:20"
2,6.2234492481203_mm_99.90_grados_2_2,99.9,6.2234492481203,"2022,03,08,11:26:34"
3,6.2234492481203_mm_104.90_grados_1_3,104.9,6.2234492481203,"2022,03,08,11:35:35"
3,6.2234492481203_mm_105.00_grados_2_3,105.0,6.2234492481203,"2022,03,08,11:35:49"
4,6.2234492481203_mm_109.80_grados_1_4,109.8,6.2234492481203,"2022,03,08,11:44:10"
4,6.2234492481203_mm_109.80_grados_2_4,109.8,6.2234492481203,"2022,03,08,11:44:24"
5,6.2234492481203_mm_114.80_grados_1_5,114.8,6.2234492481203,"2022,03,08,11:53:35"
5,6.2234492481203_mm_114.80_grados_2_5,114.8,6.2234492481203,"2022,03,08,11:53:49"
99,6.2234492481203_mm_106.50_grados_prueba_99,106.5,6.2234492481203,"2022,03,08,12:07:01"
0,6.2234492481203_mm_119.90_grados_1_0,119.9,6.2234492481203,"2022,03,08,12:16:50"
0,6.2234492481203_mm_120.10_grados_2_0,120.1,6.2234492481203,"2022,03,08,12:17:04"
1,6.2234492481203_mm_124.70_grados_1_1,124.7,6.2234492481203,"2022,03,08,12:27:10"
1,6.2234492481203_mm_124.90_grados_2_1,124.9,6.2234492481203,"2022,03,08,12:27:24"
2,6.2234492481203_mm_129.90_grados_1_2,129.9,6.2234492481203,"2022,03,08,12:38:15"
2,6.2234492481203_mm_130.00_grados_2_2,130.0,6.2234492481203,"2022,03,08,12:38:29"
3,6.2234492481203_mm_134.80_grados_1_3,134.8,6.2234492481203,"2022,03,08,12:48:55"
3,6.2234492481203_mm_134.80_grados_2_3,134.8,6.2234492481203,"2022,03,08,12:49:09"
4,6.2234492481203_mm_139.70_grados_1_4,139.7,6.2234492481203,"2022,03,08,13:00:25"
4,6.2234492481203_mm_140.00_grados_2_4,140.0,6.2234492481203,"2022,03,08,13:00:39"
5,6.2234492481203_mm_144.50_grados_1_5,144.5,6.2234492481203,"2022,03,08,13:11:50"
5,6.2234492481203_mm_144.50_grados_2_5,144.5,6.2234492481203,"2022,03,08,13:12:04"
99,6.2234492481203_mm_143.30_grados_prueba_99,143.3,6.2234492481203,"2022,03,08,13:17:36"
0,6.2234492481203_mm_149.90_grados_1_0,149.9,6.2234492481203,"2022,03,08,13:27:36"
0,6.2234492481203_mm_149.80_grados_2_0,149.8,6.2234492481203,"2022,03,08,13:27:50"
1,6.2234492481203_mm_155.00_grados_1_1,155.0,6.2234492481203,"2022,03,08,13:41:06"
1,6.2234492481203_mm_155.20_grados_2_1,155.2,6.2234492481203,"2022,03,08,13:41:20"
2,6.2234492481203_mm_160.00_grados_1_2,160.0,6.2234492481203,"2022,03,08,13:55:51"
2,6.2234492481203_mm_160.00_grados_2_2,160.0,6.2234492481203,"2022,03,08,13:56:05"
3,6.2234492481203_mm_165.10_grados_1_3,165.1,6.2234492481203,"2022,03,08,14:08:46"
3,6.2234492481203_mm_165.10_grados_2_3,165.1,6.2234492481203,"2022,03,08,14:09:00"
4,6.2234492481203_mm_169.20_grados_1_4,169.2,6.2234492481203,"2022,03,08,14:23:36"
4,6.2234492481203_mm_169.20_grados_2_4,169.2,6.2234492481203,"2022,03,08,14:23:50"
5,6.2234492481203_mm_174.70_grados_1_5,174.7,6.2234492481203,"2022,03,08,14:42:26"
5,6.2234492481203_mm_175.00_grados_2_5,175.0,6.2234492481203,"2022,03,08,14:42:40"
99,6.2234492481203_mm_171.50_grados_prueba_99,171.5,6.2234492481203,"2022,03,08,14:48:23"
99,6.2234492481203_mm_171.50_grados_prueba_99,171.5,6.2234492481203,"2022,03,08,14:48:37"
99,6.2234492481203_mm_171.40_grados_prueba_99,171.4,6.2234492481203,"2022,03,08,14:48:51"
0,6.2234492481203_mm_179.80_grados_1_0,179.8,6.2234492481203,"2022,03,08,15:01:21"
0,6.2234492481203_mm_179.90_grados_1_0,179.9,6.2234492481203,"2022,03,08,15:01:35"
0,6.2234492481203_mm_179.70_grados_1_0,179.7,6.2234492481203,"2022,03,08,15:01:49"
0,6.2234492481203_mm_179.60_grados_2_0,179.6,6.2234492481203,"2022,03,08,15:02:03"
1,6.2234492481203_mm_184.60_grados_1_1,184.6,6.2234492481203,"2022,03,08,15:17:41"
1,6.2234492481203_mm_184.60_grados_2_1,184.6,6.2234492481203,"2022,03,08,15:17:55"
2,6.2234492481203_mm_189.40_grados_1_2,189.4,6.2234492481203,"2022,03,08,15:38:31"
2,6.2234492481203_mm_189.30_grados_2_2,189.3,6.2234492481203,"2022,03,08,15:38:45"
3,6.2234492481203_mm_194.90_grados_1_3,194.9,6.2234492481203,"2022,03,08,15:55:41"
3,6.2234492481203_mm_194.90_grados_2_3,194.9,6.2234492481203,"2022,03,08,15:55:55"
4,6.2234492481203_mm_200.00_grados_1_4,200.0,6.2234492481203,"2022,03,08,16:15:51"
4,6.2234492481203_mm_199.90_grados_2_4,199.9,6.2234492481203,"2022,03,08,16:16:05"
99,9.33517387218045_mm_21.00_grados_prueba_99,21.0,9.33517387218045,"2022,03,09,09:20:14"
0,9.33517387218045_mm_29.90_grados_1_0,29.9,9.33517387218045,"2022,03,09,09:25:49"
0,9.33517387218045_mm_29.90_grados_2_0,29.9,9.33517387218045,"2022,03,09,09:26:03"
1,9.33517387218045_mm_35.00_grados_1_1,35.0,9.33517387218045,"2022,03,09,09:32:29"
1,9.33517387218045_mm_35.10_grados_2_1,35.1,9.33517387218045,"2022,03,09,09:32:43"
2,9.33517387218045_mm_40.00_grados_1_2,40.0,9.33517387218045,"2022,03,09,09:39:09"
2,9.33517387218045_mm_40.00_grados_2_2,40.0,9.33517387218045,"2022,03,09,09:39:23"
3,9.33517387218045_mm_45.00_grados_1_3,45.0,9.33517387218045,"2022,03,09,09:46:14"
3,9.33517387218045_mm_45.10_grados_2_3,45.1,9.33517387218045,"2022,03,09,09:46:28"
4,9.33517387218045_mm_50.20_grados_1_4,50.2,9.33517387218045,"2022,03,09,09:53:44"
4,9.33517387218045_mm_50.20_grados_2_4,50.2,9.33517387218045,"2022,03,09,09:53:58"
5,9.33517387218045_mm_55.30_grados_1_5,55.3,9.33517387218045,"2022,03,09,10:01:24"
5,9.33517387218045_mm_55.30_grados_2_5,55.3,9.33517387218045,"2022,03,09,10:01:38"
99,9.33517387218045_mm_54.40_grados_prueba_99,54.4,9.33517387218045,"2022,03,09,10:09:29"
0,9.33517387218045_mm_60.00_grados_1_0,60.0,9.33517387218045,"2022,03,09,10:16:39"
0,9.33517387218045_mm_60.10_grados_2_0,60.1,9.33517387218045,"2022,03,09,10:16:53"
1,9.33517387218045_mm_64.90_grados_1_1,64.9,9.33517387218045,"2022,03,09,10:24:14"
1,9.33517387218045_mm_64.90_grados_2_1,64.9,9.33517387218045,"2022,03,09,10:24:28"
2,9.33517387218045_mm_70.10_grados_1_2,70.1,9.33517387218045,"2022,03,09,10:32:19"
2,9.33517387218045_mm_70.10_grados_2_2,70.1,9.33517387218045,"2022,03,09,10:32:33"
3,9.33517387218045_mm_75.10_grados_1_3,75.1,9.33517387218045,"2022,03,09,10:40:19"
3,9.33517387218045_mm_75.10_grados_2_3,75.1,9.33517387218045,"2022,03,09,10:40:33"
4,9.33517387218045_mm_79.90_grados_1_4,79.9,9.33517387218045,"2022,03,09,10:48:24"
4,9.33517387218045_mm_79.90_grados_2_4,79.9,9.33517387218045,"2022,03,09,10:48:38"
5,9.33517387218045_mm_85.00_grados_1_5,85.0,9.33517387218045,"2022,03,09,10:56:54"
5,9.33517387218045_mm_85.10_grados_2_5,85.1,9.33517387218045,"2022,03,09,10:57:08"
99,9.33517387218045_mm_85.70_grados_prueba_99,85.7,9.33517387218045,"2022,03,09,10:58:34"
0,9.33517387218045_mm_90.00_grados_1_0,90.0,9.33517387218045,"2022,03,09,11:06:19"
0,9.33517387218045_mm_90.10_grados_2_0,90.1,9.33517387218045,"2022,03,09,11:06:33"
1,9.33517387218045_mm_94.80_grados_1_1,94.8,9.33517387218045,"2022,03,09,11:14:34"
1,9.33517387218045_mm_95.00_grados_2_1,95.0,9.33517387218045,"2022,03,09,11:14:48"
2,9.33517387218045_mm_100.10_grados_1_2,100.1,9.33517387218045,"2022,03,09,11:23:04"
2,9.33517387218045_mm_100.20_grados_2_2,100.2,9.33517387218045,"2022,03,09,11:23:18"
3,9.33517387218045_mm_105.30_grados_1_3,105.3,9.33517387218045,"2022,03,09,11:31:24"
3,9.33517387218045_mm_105.20_grados_2_3,105.2,9.33517387218045,"2022,03,09,11:31:38"
4,9.33517387218045_mm_110.00_grados_1_4,110.0,9.33517387218045,"2022,03,09,11:40:49"
4,9.33517387218045_mm_110.10_grados_2_4,110.1,9.33517387218045,"2022,03,09,11:41:03"
5,9.33517387218045_mm_114.90_grados_1_5,114.9,9.33517387218045,"2022,03,09,11:49:49"
5,9.33517387218045_mm_115.10_grados_2_5,115.1,9.33517387218045,"2022,03,09,11:50:03"
99,9.33517387218045_mm_115.00_grados_prueba_99,115.0,9.33517387218045,"2022,03,09,11:52:11"
0,9.33517387218045_mm_119.70_grados_1_0,119.7,9.33517387218045,"2022,03,09,12:00:44"
0,9.33517387218045_mm_119.70_grados_2_0,119.7,9.33517387218045,"2022,03,09,12:00:58"
1,9.33517387218045_mm_124.60_grados_1_1,124.6,9.33517387218045,"2022,03,09,12:11:04"
1,9.33517387218045_mm_124.80_grados_2_1,124.8,9.33517387218045,"2022,03,09,12:11:18"
2,9.33517387218045_mm_130.10_grados_1_2,130.1,9.33517387218045,"2022,03,09,12:22:44"
2,9.33517387218045_mm_130.20_grados_2_2,130.2,9.33517387218045,"2022,03,09,12:22:58"
3,9.33517387218045_mm_134.90_grados_1_3,134.9,9.33517387218045,"2022,03,09,12:33:49"
3,9.33517387218045_mm_135.00_grados_2_3,135.0,9.33517387218045,"2022,03,09,12:34:03"
4,9.33517387218045_mm_139.80_grados_1_4,139.8,9.33517387218045,"2022,03,09,12:44:14"
4,9.33517387218045_mm_139.80_grados_2_4,139.8,9.33517387218045,"2022,03,09,12:44:28"
5,9.33517387218045_mm_144.90_grados_1_5,144.9,9.33517387218045,"2022,03,09,12:56:49"
5,9.33517387218045_mm_144.80_grados_2_5,144.8,9.33517387218045,"2022,03,09,12:57:03"
99,9.33517387218045_mm_145.30_grados_prueba_99,145.3,9.33517387218045,"2022,03,09,12:59:08"
99,9.33517387218045_mm_145.40_grados_prueba_99,145.4,9.33517387218045,"2022,03,09,12:59:22"
99,9.33517387218045_mm_145.30_grados_prueba_99,145.3,9.33517387218045,"2022,03,09,12:59:36"
0,9.33517387218045_mm_149.80_grados_1_0,149.8,9.33517387218045,"2022,03,09,13:10:29"
0,9.33517387218045_mm_149.90_grados_2_0,149.9,9.33517387218045,"2022,03,09,13:10:43"
1,9.33517387218045_mm_154.80_grados_1_1,154.8,9.33517387218045,"2022,03,09,13:21:45"
1,9.33517387218045_mm_154.80_grados_2_1,154.8,9.33517387218045,"2022,03,09,13:21:59"
2,9.33517387218045_mm_159.70_grados_1_2,159.7,9.33517387218045,"2022,03,09,13:33:40"
2,9.33517387218045_mm_159.70_grados_2_2,159.7,9.33517387218045,"2022,03,09,13:33:54"
3,9.33517387218045_mm_164.90_grados_1_3,164.9,9.33517387218045,"2022,03,09,13:45:30"
3,9.33517387218045_mm_164.80_grados_2_3,164.8,9.33517387218045,"2022,03,09,13:45:44"
4,9.33517387218045_mm_169.50_grados_1_4,169.5,9.33517387218045,"2022,03,09,14:00:20"
4,9.33517387218045_mm_169.60_grados_2_4,169.6,9.33517387218045,"2022,03,09,14:00:34"
5,9.33517387218045_mm_174.70_grados_1_5,174.7,9.33517387218045,"2022,03,09,14:16:25"
5,9.33517387218045_mm_174.70_grados_2_5,174.7,9.33517387218045,"2022,03,09,14:16:39"
99,9.33517387218045_mm_124.30_grados_prueba_99,124.3,9.33517387218045,"2022,03,09,15:00:31"
99,9.33517387218045_mm_123.20_grados_prueba_99,123.2,9.33517387218045,"2022,03,09,15:00:45"
0,9.33517387218045_mm_180.50_grados_1_0,180.5,9.33517387218045,"2022,03,09,15:25:15"
0,9.33517387218045_mm_180.70_grados_2_0,180.7,9.33517387218045,"2022,03,09,15:25:29"
1,9.33517387218045_mm_184.60_grados_1_1,184.6,9.33517387218045,"2022,03,09,15:41:50"
1,9.33517387218045_mm_184.50_grados_2_1,184.5,9.33517387218045,"2022,03,09,15:42:04"
2,9.33517387218045_mm_189.90_grados_1_2,189.9,9.33517387218045,"2022,03,09,15:58:15"
2,9.33517387218045_mm_189.80_grados_2_2,189.8,9.33517387218045,"2022,03,09,15:58:29"
3,9.33517387218045_mm_194.80_grados_1_3,194.8,9.33517387218045,"2022,03,09,16:15:45"
3,9.33517387218045_mm_194.70_grados_2_3,194.7,9.33517387218045,"2022,03,09,16:15:59"
4,9.33517387218045_mm_199.60_grados_1_4,199.6,9.33517387218045,"2022,03,09,16:32:25"
4,9.33517387218045_mm_199.50_grados_2_4,199.5,9.33517387218045,"2022,03,09,16:32:39"
99,12.4468984962406_mm_23.50_grados_prueba_99,23.5,12.4468984962406,"2022,03,10,09:23:02"
99,12.4468984962406_mm_23.80_grados_prueba_99,23.8,12.4468984962406,"2022,03,10,09:23:16"
0,12.4468984962406_mm_30.00_grados_1_0,30.0,12.4468984962406,"2022,03,10,09:28:47"
0,12.4468984962406_mm_30.10_grados_2_0,30.1,12.4468984962406,"2022,03,10,09:29:01"
1,12.4468984962406_mm_35.00_grados_1_1,35.0,12.4468984962406,"2022,03,10,09:35:02"
1,12.4468984962406_mm_35.10_grados_2_1,35.1,12.4468984962406,"2022,03,10,09:35:16"
2,12.4468984962406_mm_40.00_grados_1_2,40.0,12.4468984962406,"2022,03,10,09:41:57"
2,12.4468984962406_mm_40.10_grados_2_2,40.1,12.4468984962406,"2022,03,10,09:42:11"
3,12.4468984962406_mm_45.00_grados_1_3,45.0,12.4468984962406,"2022,03,10,09:48:47"
3,12.4468984962406_mm_45.00_grados_2_3,45.0,12.4468984962406,"2022,03,10,09:49:01"
4,12.4468984962406_mm_50.00_grados_1_4,50.0,12.4468984962406,"2022,03,10,09:56:07"
4,12.4468984962406_mm_50.20_grados_2_4,50.2,12.4468984962406,"2022,03,10,09:56:21"
5,12.4468984962406_mm_55.10_grados_1_5,55.1,12.4468984962406,"2022,03,10,10:03:37"
5,12.4468984962406_mm_55.10_grados_2_5,55.1,12.4468984962406,"2022,03,10,10:03:51"
99,12.4468984962406_mm_55.60_grados_prueba_99,55.6,12.4468984962406,"2022,03,10,10:06:12"
0,12.4468984962406_mm_60.10_grados_1_0,60.1,12.4468984962406,"2022,03,10,10:13:32"
0,12.4468984962406_mm_60.10_grados_2_0,60.1,12.4468984962406,"2022,03,10,10:13:46"
1,12.4468984962406_mm_65.20_grados_1_1,65.2,12.4468984962406,"2022,03,10,10:21:07"
1,12.4468984962406_mm_65.20_grados_2_1,65.2,12.4468984962406,"2022,03,10,10:21:21"
2,12.4468984962406_mm_69.90_grados_1_2,69.9,12.4468984962406,"2022,03,10,10:29:02"
2,12.4468984962406_mm_70.00_grados_2_2,70.0,12.4468984962406,"2022,03,10,10:29:16"
2,12.4468984962406_mm_70.10_grados_2_2,70.1,12.4468984962406,"2022,03,10,10:29:31"
3,12.4468984962406_mm_75.00_grados_1_3,75.0,12.4468984962406,"2022,03,10,10:36:57"
3,12.4468984962406_mm_75.00_grados_2_3,75.0,12.4468984962406,"2022,03,10,10:37:12"
4,12.4468984962406_mm_80.00_grados_1_4,80.0,12.4468984962406,"2022,03,10,10:45:13"
4,12.4468984962406_mm_80.10_grados_2_4,80.1,12.4468984962406,"2022,03,10,10:45:27"
5,12.4468984962406_mm_86.80_grados_1_5,86.8,12.4468984962406,"2022,03,10,10:53:53"
5,12.4468984962406_mm_87.00_grados_1_5,87.0,12.4468984962406,"2022,03,10,10:54:07"
5,12.4468984962406_mm_87.20_grados_1_5,87.2,12.4468984962406,"2022,03,10,10:54:21"
5,12.4468984962406_mm_87.30_grados_2_5,87.3,12.4468984962406,"2022,03,10,10:54:35"
99,12.4468984962406_mm_87.30_grados_prueba_99,87.3,12.4468984962406,"2022,03,10,10:55:33"
0,12.4468984962406_mm_89.90_grados_1_0,89.9,12.4468984962406,"2022,03,10,11:04:33"
0,12.4468984962406_mm_89.90_grados_2_0,89.9,12.4468984962406,"2022,03,10,11:04:47"
1,12.4468984962406_mm_95.10_grados_1_1,95.1,12.4468984962406,"2022,03,10,11:13:48"
1,12.4468984962406_mm_95.10_grados_2_1,95.1,12.4468984962406,"2022,03,10,11:14:02"
2,12.4468984962406_mm_99.80_grados_1_2,99.8,12.4468984962406,"2022,03,10,11:22:03"
2,12.4468984962406_mm_99.90_grados_2_2,99.9,12.4468984962406,"2022,03,10,11:22:17"
3,12.4468984962406_mm_105.00_grados_1_3,105.0,12.4468984962406,"2022,03,10,11:30:48"
3,12.4468984962406_mm_105.10_grados_2_3,105.1,12.4468984962406,"2022,03,10,11:31:02"
4,12.4468984962406_mm_110.00_grados_1_4,110.0,12.4468984962406,"2022,03,10,11:40:23"
4,12.4468984962406_mm_110.00_grados_2_4,110.0,12.4468984962406,"2022,03,10,11:40:37"
5,12.4468984962406_mm_115.00_grados_1_5,115.0,12.4468984962406,"2022,03,10,11:50:23"
5,12.4468984962406_mm_115.00_grados_2_5,115.0,12.4468984962406,"2022,03,10,11:50:37"
99,12.4468984962406_mm_115.80_grados_prueba_99,115.8,12.4468984962406,"2022,03,10,11:54:30"
99,12.4468984962406_mm_115.90_grados_prueba_99,115.9,12.4468984962406,"2022,03,10,11:54:44"
0,12.4468984962406_mm_119.20_grados_1_0,119.2,12.4468984962406,"2022,03,10,12:01:28"
0,12.4468984962406_mm_119.50_grados_2_0,119.5,12.4468984962406,"2022,03,10,12:01:42"
0,12.4468984962406_mm_119.60_grados_2_0,119.6,12.4468984962406,"2022,03,10,12:01:56"
1,12.4468984962406_mm_124.50_grados_1_1,124.5,12.4468984962406,"2022,03,10,12:13:08"
1,12.4468984962406_mm_124.80_grados_2_1,124.8,12.4468984962406,"2022,03,10,12:13:22"
2,12.4468984962406_mm_129.90_grados_1_2,129.9,12.4468984962406,"2022,03,10,12:22:03"
2,12.4468984962406_mm_129.90_grados_2_2,129.9,12.4468984962406,"2022,03,10,12:22:17"
3,12.4468984962406_mm_134.80_grados_1_3,134.8,12.4468984962406,"2022,03,10,12:33:48"
3,12.4468984962406_mm_135.00_grados_2_3,135.0,12.4468984962406,"2022,03,10,12:34:02"
4,12.4468984962406_mm_139.50_grados_1_4,139.5,12.4468984962406,"2022,03,10,12:47:03"
4,12.4468984962406_mm_139.60_grados_2_4,139.6,12.4468984962406,"2022,03,10,12:47:17"
5,12.4468984962406_mm_144.80_grados_1_5,144.8,12.4468984962406,"2022,03,10,12:59:58"
5,12.4468984962406_mm_144.80_grados_2_5,144.8,12.4468984962406,"2022,03,10,13:00:12"
99,12.4468984962406_mm_136.10_grados_prueba_99,136.1,12.4468984962406,"2022,03,10,13:14:00"
0,12.4468984962406_mm_149.90_grados_1_0,149.9,12.4468984962406,"2022,03,10,13:29:08"
0,12.4468984962406_mm_150.10_grados_2_0,150.1,12.4468984962406,"2022,03,10,13:29:22"
1,12.4468984962406_mm_154.60_grados_1_1,154.6,12.4468984962406,"2022,03,10,13:43:13"
1,12.4468984962406_mm_154.60_grados_2_1,154.6,12.4468984962406,"2022,03,10,13:43:27"
2,12.4468984962406_mm_159.80_grados_1_2,159.8,12.4468984962406,"2022,03,10,13:59:58"
2,12.4468984962406_mm_159.90_grados_2_2,159.9,12.4468984962406,"2022,03,10,14:00:12"
3,12.4468984962406_mm_163.70_grados_1_3,163.7,12.4468984962406,"2022,03,10,14:15:48"
3,12.4468984962406_mm_163.90_grados_2_3,163.9,12.4468984962406,"2022,03,10,14:16:02"
4,12.4468984962406_mm_169.90_grados_1_4,169.9,12.4468984962406,"2022,03,10,14:31:18"
4,12.4468984962406_mm_170.00_grados_2_4,170.0,12.4468984962406,"2022,03,10,14:31:32"
5,12.4468984962406_mm_174.30_grados_1_5,174.3,12.4468984962406,"2022,03,10,14:44:33"
5,12.4468984962406_mm_174.40_grados_2_5,174.4,12.4468984962406,"2022,03,10,14:44:47"
99,12.4468984962406_mm_175.50_grados_prueba_99,175.5,12.4468984962406,"2022,03,10,14:48:02"
99,12.4468984962406_mm_174.70_grados_prueba_99,174.7,12.4468984962406,"2022,03,10,14:48:16"
0,12.4468984962406_mm_179.50_grados_1_0,179.5,12.4468984962406,"2022,03,10,15:03:48"
0,12.4468984962406_mm_179.50_grados_2_0,179.5,12.4468984962406,"2022,03,10,15:04:02"
1,12.4468984962406_mm_184.50_grados_1_1,184.5,12.4468984962406,"2022,03,10,15:22:33"
1,12.4468984962406_mm_184.60_grados_2_1,184.6,12.4468984962406,"2022,03,10,15:22:47"
2,12.4468984962406_mm_189.50_grados_1_2,189.5,12.4468984962406,"2022,03,10,15:40:48"
2,12.4468984962406_mm_189.50_grados_2_2,189.5,12.4468984962406,"2022,03,10,15:41:02"
3,12.4468984962406_mm_194.90_grados_1_3,194.9,12.4468984962406,"2022,03,10,15:58:19"
3,12.4468984962406_mm_194.90_grados_2_3,194.9,12.4468984962406,"2022,03,10,15:58:33"
4,12.4468984962406_mm_199.70_grados_1_4,199.7,12.4468984962406,"2022,03,10,16:18:29"
4,12.4468984962406_mm_199.80_grados_2_4,199.8,12.4468984962406,"2022,03,10,16:18:43"
99,0.0_mm_24.80_grados_prueba_99,24.8,0.0,"2022,03,11,09:06:12"
0,0.0_mm_29.90_grados_1_0,29.9,0.0,"2022,03,11,09:10:52"
0,0.0_mm_29.90_grados_2_0,29.9,0.0,"2022,03,11,09:11:06"
1,0.0_mm_180.10_grados_1_1,180.1,0.0,"2022,03,11,10:01:32"
1,0.0_mm_180.00_grados_2_1,180.0,0.0,"2022,03,11,10:01:46"
2,0.0_mm_184.40_grados_1_2,184.4,0.0,"2022,03,11,10:16:52"
2,0.0_mm_184.20_grados_2_2,184.2,0.0,"2022,03,11,10:17:06"
3,0.0_mm_190.00_grados_1_3,190.0,0.0,"2022,03,11,10:34:12"
3,0.0_mm_189.80_grados_2_3,189.8,0.0,"2022,03,11,10:34:26"
4,0.0_mm_194.80_grados_1_4,194.8,0.0,"2022,03,11,10:53:52"
4,0.0_mm_194.90_grados_2_4,194.9,0.0,"2022,03,11,10:54:06"
5,0.0_mm_199.50_grados_1_5,199.5,0.0,"2022,03,11,11:10:12"
5,0.0_mm_199.40_grados_2_5,199.4,0.0,"2022,03,11,11:10:26"
